{
  "tokens": [
    126629,
    25,
    24,
    26,
    211,
    233,
    280,
    290,
    310,
    126644,
    305,
    27,
    38,
    301,
    272,
    39,
    359,
    331,
    21,
    325,
    14,
    391,
    329,
    401,
    388,
    357,
    95,
    15,
    214,
    433,
    29,
    441,
    405,
    389,
    126646,
    661,
    343,
    353,
    1188,
    377,
    428,
    3807,
    528,
    30,
    475,
    1212,
    555,
    77,
    6468,
    75,
    506,
    18,
    414,
    410,
    9278,
    551,
    129215,
    291,
    31,
    126636,
    615,
    495,
    129203,
    579,
    104,
    463,
    28,
    395,
    129207,
    126648,
    126650,
    3348,
    1635,
    129211,
    42,
    129006,
    689,
    126658,
    908,
    32,
    129219,
    1565,
    1355,
    480,
    714,
    33,
    20,
    317,
    129199,
    129223,
    126645,
    520,
    1139,
    129227,
    17,
    129205,
    635,
    637,
    334,
    1243
  ],
  "tokenizer_name": "alea-institute/kl3m-004-128k-cased",
  "median_distance": 0.08148145257023118,
  "centroid": [
    0.04150476290981869,
    0.037266822459359084,
    0.026778084240593854,
    0.025592857180557146,
    0.023161258651419298,
    0.020991471233290683,
    0.01956260417544022,
    0.01529648005661864,
    0.012588114782256988,
    0.011257835398861321,
    0.011029100072756736,
    0.009559937853142445,
    0.008376033398362633,
    0.005831553420179873,
    0.005641195173012671,
    0.005274636365932646,
    0.004914542265674656,
    0.004745295658341708,
    0.004124780215786682,
    0.0034432372319215592,
    0.003393604451306323,
    0.0032671733403632987,
    0.003175455369900506,
    0.0030338544952668352,
    0.0030131529311871676,
    0.0028477500194046745,
    0.002793152015394373,
    0.0027473806653650723,
    0.002636749738014383,
    0.0024989412124663333,
    0.002457460580579573,
    0.002300097585410208,
    0.002242526895395484,
    0.002206253060513864,
    0.002136850688958922,
    0.0020959927305260542,
    0.0020527877948473606,
    0.001945208835008573,
    0.0019401875076010481,
    0.001938078679119947,
    0.0018303055241905607,
    0.0018210832866149538,
    0.0017779706927163426,
    0.0017561117202326577,
    0.001713981334136742,
    0.0017069882813597044,
    0.0016695029446514484,
    0.001636025484689166,
    0.0016219408801823397,
    0.0015753473256446655,
    0.0015727810898371229,
    0.0015649470784076468,
    0.001557692346230368,
    0.0015449745911233473,
    0.001498041034056525,
    0.0014881797101947286,
    0.0014764824357423306,
    0.0014600526034553398,
    0.001430589781062419,
    0.0014294971906385321,
    0.0014027067637356512,
    0.001394838307913153,
    0.0013796208099528227,
    0.0013682542641065604,
    0.0013673171549371487,
    0.001365736099830874,
    0.0013352974743692189,
    0.001313543567048762,
    0.001311626324623986,
    0.0013040118979057139,
    0.0012597654059702398,
    0.001240703586033309,
    0.0012404637641559543,
    0.0012291542843403383,
    0.0012079807058400414,
    0.001201836920762922,
    0.001164954535647992,
    0.0011297044352182191,
    0.0011252453459318517,
    0.0011071590559419999,
    0.0010836877181511339,
    0.001083130016135139,
    0.0010624910219158654,
    0.0010583397239878802,
    0.0010547452265998656,
    0.0010502535795222539,
    0.0010074497367144756,
    0.0009892255417012284,
    0.0009715890256502136,
    0.0009688826357990907,
    0.0009355441891584144,
    0.0008835083383188005,
    0.0008820355326003478,
    0.0008812908211418422,
    0.0008765882094805018,
    0.0008756943295716539,
    0.0008550017786425329,
    0.0008361109569326925,
    0.0008354303124538231,
    0.0008219693822595308
  ]
}